,Year,Month,Carrier,Count,WEATHER_DELAY,Avg
0,2012,10,9E,0,0.0,0.0
1,2012,10,AA,2495,2526.0,1.0124248496993988
2,2012,10,AS,422,149.0,0.35308056872037913
3,2012,10,B6,459,237.0,0.5163398692810458
4,2012,10,DL,2553,2737.0,1.072072072072072
5,2012,10,EV,768,521.0,0.6783854166666666
6,2012,10,F9,674,796.0,1.1810089020771513
7,2012,10,FL,391,28.0,0.07161125319693094
8,2012,10,MQ,1290,2295.0,1.7790697674418605
9,2012,10,NK,0,0.0,0.0
10,2012,10,OO,1245,230.0,0.18473895582329317
11,2012,10,UA,3045,2612.0,0.857799671592775
12,2012,10,US,1605,1448.0,0.9021806853582555
13,2012,10,VX,414,1171.0,2.8285024154589373
14,2012,10,WN,2966,4183.0,1.4103169251517196
15,2012,10,YV,260,1433.0,5.5115384615384615
16,2012,11,9E,0,0.0,0.0
17,2012,11,AA,1495,1747.0,1.168561872909699
18,2012,11,AS,358,193.0,0.5391061452513967
19,2012,11,B6,303,722.0,2.382838283828383
20,2012,11,DL,1609,1111.0,0.6904909881914233
21,2012,11,EV,532,147.0,0.27631578947368424
22,2012,11,F9,514,48.0,0.0933852140077821
23,2012,11,FL,213,11.0,0.051643192488262914
24,2012,11,MQ,881,2792.0,3.1691259931895575
25,2012,11,NK,0,0.0,0.0
26,2012,11,OO,995,97.0,0.09748743718592964
27,2012,11,UA,1810,492.0,0.2718232044198895
28,2012,11,US,1260,619.0,0.49126984126984125
29,2012,11,VX,350,1046.0,2.9885714285714284
30,2012,11,WN,2249,3456.0,1.5366829702089817
31,2012,11,YV,159,177.0,1.1132075471698113
32,2012,12,9E,0,0.0,0.0
33,2012,12,AA,1891,2036.0,1.0766790058170281
34,2012,12,AS,462,220.0,0.47619047619047616
35,2012,12,B6,636,580.0,0.9119496855345912
36,2012,12,DL,2484,6159.0,2.4794685990338166
37,2012,12,EV,1087,1077.0,0.9908003679852806
38,2012,12,F9,971,228.0,0.23480947476828012
39,2012,12,FL,485,136.0,0.2804123711340206
40,2012,12,MQ,1519,12997.0,8.556287030941409
41,2012,12,NK,0,0.0,0.0
42,2012,12,OO,1430,756.0,0.5286713286713287
43,2012,12,UA,2611,2055.0,0.7870547682880122
44,2012,12,US,2037,1132.0,0.5557191948944527
45,2012,12,VX,513,1380.0,2.690058479532164
46,2012,12,WN,4197,8323.0,1.9830831546342627
47,2012,12,YV,197,215.0,1.0913705583756346
48,2013,01,9E,511,1473.0,2.882583170254403
49,2013,01,AA,1794,3948.0,2.20066889632107
50,2013,01,AS,437,159.0,0.36384439359267734
51,2013,01,B6,612,598.0,0.9771241830065359
52,2013,01,DL,2606,7066.0,2.711435149654643
53,2013,01,EV,1455,1540.0,1.0584192439862543
54,2013,01,F9,858,53.0,0.06177156177156177
55,2013,01,FL,374,91.0,0.24331550802139038
56,2013,01,MQ,1898,12671.0,6.675974710221285
57,2013,01,NK,0,0.0,0.0
58,2013,01,OO,1493,1161.0,0.7776289350301406
59,2013,01,UA,2822,5212.0,1.846917080085046
60,2013,01,US,2750,3613.0,1.3138181818181818
61,2013,01,VX,210,889.0,4.233333333333333
62,2013,01,WN,2543,3156.0,1.2410538733779002
63,2013,01,YV,251,618.0,2.462151394422311
64,2013,02,9E,567,1543.0,2.7213403880070546
65,2013,02,AA,1921,6188.0,3.2212389380530975
66,2013,02,AS,368,467.0,1.2690217391304348
67,2013,02,B6,712,845.0,1.1867977528089888
68,2013,02,DL,2630,6773.0,2.5752851711026614
69,2013,02,EV,1421,1325.0,0.932441942294159
70,2013,02,F9,781,611.0,0.7823303457106274
71,2013,02,FL,433,49.0,0.11316397228637413
72,2013,02,MQ,1954,11787.0,6.032241555783009
73,2013,02,NK,0,0.0,0.0
74,2013,02,OO,1182,1343.0,1.1362098138747885
75,2013,02,UA,2743,6757.0,2.4633612832664964
76,2013,02,US,2542,3174.0,1.2486231313926042
77,2013,02,VX,325,1080.0,3.3230769230769233
78,2013,02,WN,2122,3375.0,1.5904806786050896
79,2013,02,YV,264,714.0,2.7045454545454546
80,2013,03,9E,694,544.0,0.7838616714697406
81,2013,03,AA,2051,5800.0,2.8278888347147735
82,2013,03,AS,493,264.0,0.5354969574036511
83,2013,03,B6,764,2448.0,3.2041884816753927
84,2013,03,DL,3427,16523.0,4.82141814998541
85,2013,03,EV,1434,815.0,0.5683403068340307
86,2013,03,F9,759,228.0,0.30039525691699603
87,2013,03,FL,573,1065.0,1.8586387434554974
88,2013,03,MQ,1673,9056.0,5.413030484160191
89,2013,03,NK,0,0.0,0.0
90,2013,03,OO,1524,2299.0,1.5085301837270342
91,2013,03,UA,3143,5126.0,1.6309258670060451
92,2013,03,US,2992,2967.0,0.991644385026738
93,2013,03,VX,406,1982.0,4.8817733990147785
94,2013,03,WN,4056,7136.0,1.7593688362919133
95,2013,03,YV,264,909.0,3.4431818181818183
96,2013,04,9E,587,604.0,1.028960817717206
97,2013,04,AA,3119,10099.0,3.2378967617826224
98,2013,04,AS,558,397.0,0.7114695340501792
99,2013,04,B6,871,918.0,1.0539609644087256
100,2013,04,DL,3809,10132.0,2.660015752165923
101,2013,04,EV,1548,3045.0,1.9670542635658914
102,2013,04,F9,949,1409.0,1.4847207586933615
103,2013,04,FL,564,457.0,0.8102836879432624
104,2013,04,MQ,2324,15497.0,6.668244406196213
105,2013,04,NK,0,0.0,0.0
106,2013,04,OO,1628,2024.0,1.2432432432432432
107,2013,04,UA,4024,7499.0,1.8635685884691848
108,2013,04,US,3335,1291.0,0.3871064467766117
109,2013,04,VX,576,2210.0,3.8368055555555554
110,2013,04,WN,4682,7317.0,1.5627936779154208
111,2013,04,YV,333,89.0,0.2672672672672673
112,2013,05,9E,694,1108.0,1.5965417867435159
113,2013,05,AA,2489,5728.0,2.3013258336681397
114,2013,05,AS,453,631.0,1.3929359823399559
115,2013,05,B6,779,502.0,0.6444159178433889
116,2013,05,DL,3694,5861.0,1.5866269626421223
117,2013,05,EV,1185,2240.0,1.890295358649789
118,2013,05,F9,910,367.0,0.4032967032967033
119,2013,05,FL,615,301.0,0.4894308943089431
120,2013,05,MQ,2227,10222.0,4.590031432420297
121,2013,05,NK,0,0.0,0.0
122,2013,05,OO,1599,1984.0,1.2407754846779238
123,2013,05,UA,3630,3943.0,1.0862258953168045
124,2013,05,US,3429,4446.0,1.2965879265091864
125,2013,05,VX,829,4095.0,4.939686369119421
126,2013,05,WN,4723,9339.0,1.9773449078975227
127,2013,05,YV,411,2016.0,4.905109489051095
128,2013,06,9E,809,2988.0,3.69344870210136
129,2013,06,AA,3238,12762.0,3.941321803582458
130,2013,06,AS,621,260.0,0.41867954911433175
131,2013,06,B6,1340,2528.0,1.8865671641791044
132,2013,06,DL,6367,22528.0,3.5382440709910474
133,2013,06,EV,1813,3157.0,1.7413127413127414
134,2013,06,F9,705,1371.0,1.9446808510638298
135,2013,06,FL,1137,2577.0,2.266490765171504
136,2013,06,MQ,2925,22483.0,7.6864957264957265
137,2013,06,NK,0,0.0,0.0
138,2013,06,OO,2111,2416.0,1.1444812884888678
139,2013,06,UA,5343,9796.0,1.8334269137188846
140,2013,06,US,4870,15588.0,3.2008213552361395
141,2013,06,VX,1057,3291.0,3.1135288552507094
142,2013,06,WN,5370,9837.0,1.8318435754189943
143,2013,06,YV,483,2620.0,5.424430641821946
144,2013,07,9E,823,2245.0,2.7278250303766707
145,2013,07,AA,2857,3676.0,1.2866643332166607
146,2013,07,AS,941,586.0,0.6227417640807651
147,2013,07,B6,1674,2717.0,1.6230585424133812
148,2013,07,DL,7044,20080.0,2.8506530380465644
149,2013,07,EV,1657,3411.0,2.0585395292697646
150,2013,07,F9,982,631.0,0.6425661914460286
151,2013,07,FL,1080,3272.0,3.0296296296296297
152,2013,07,MQ,2836,6576.0,2.318758815232722
153,2013,07,NK,0,0.0,0.0
154,2013,07,OO,1994,1996.0,1.0010030090270812
155,2013,07,UA,5000,6541.0,1.3082
156,2013,07,US,5020,8842.0,1.7613545816733067
157,2013,07,VX,1180,3121.0,2.6449152542372882
158,2013,07,WN,5138,10665.0,2.0757103931490852
159,2013,07,YV,524,279.0,0.5324427480916031
160,2013,08,9E,505,576.0,1.1405940594059405
161,2013,08,AA,2251,3901.0,1.7330075521990227
162,2013,08,AS,877,1709.0,1.9486887115165337
163,2013,08,B6,1306,704.0,0.5390505359877489
164,2013,08,DL,4392,6744.0,1.53551912568306
165,2013,08,EV,1256,1561.0,1.2428343949044587
166,2013,08,F9,886,774.0,0.873589164785553
167,2013,08,FL,802,355.0,0.442643391521197
168,2013,08,MQ,1885,6681.0,3.5442970822281166
169,2013,08,NK,0,0.0,0.0
170,2013,08,OO,1991,2277.0,1.143646408839779
171,2013,08,UA,4124,7750.0,1.8792434529582929
172,2013,08,US,3573,2589.0,0.7246011754827876
173,2013,08,VX,876,1580.0,1.8036529680365296
174,2013,08,WN,5798,9256.0,1.5964125560538116
175,2013,08,YV,349,164.0,0.4699140401146132
176,2013,09,9E,299,625.0,2.0903010033444818
177,2013,09,AA,1647,5842.0,3.5470552519732848
178,2013,09,AS,691,782.0,1.1316931982633864
179,2013,09,B6,631,1351.0,2.1410459587955626
180,2013,09,DL,2560,2658.0,1.03828125
181,2013,09,EV,848,866.0,1.0212264150943395
182,2013,09,F9,830,691.0,0.8325301204819278
183,2013,09,FL,510,621.0,1.2176470588235293
184,2013,09,MQ,1282,4989.0,3.8915756630265212
185,2013,09,NK,0,0.0,0.0
186,2013,09,OO,1357,1155.0,0.8511422254974208
187,2013,09,UA,2950,8193.0,2.77728813559322
188,2013,09,US,2012,2433.0,1.209244532803181
189,2013,09,VX,590,2281.0,3.8661016949152542
190,2013,09,WN,5079,8931.0,1.7584170112226816
191,2013,09,YV,203,2002.0,9.862068965517242
192,2013,10,9E,388,575.0,1.481958762886598
193,2013,10,AA,1880,2257.0,1.200531914893617
194,2013,10,AS,519,125.0,0.24084778420038536
195,2013,10,B6,535,223.0,0.41682242990654206
196,2013,10,DL,2523,1488.0,0.5897740784780023
197,2013,10,EV,1228,1177.0,0.9584690553745928
198,2013,10,F9,683,107.0,0.15666178623718888
199,2013,10,FL,633,50.0,0.07898894154818326
200,2013,10,MQ,1455,1465.0,1.006872852233677
201,2013,10,NK,0,0.0,0.0
202,2013,10,OO,1391,840.0,0.603882099209202
203,2013,10,UA,3040,2212.0,0.7276315789473684
204,2013,10,US,2286,495.0,0.21653543307086615
205,2013,10,VX,445,1066.0,2.3955056179775283
206,2013,10,WN,4568,5283.0,1.156523642732049
207,2013,10,YV,233,762.0,3.2703862660944205
208,2013,11,9E,335,373.0,1.1134328358208956
209,2013,11,AA,1845,2484.0,1.3463414634146342
210,2013,11,AS,429,208.0,0.48484848484848486
211,2013,11,B6,544,477.0,0.8768382352941176
212,2013,11,DL,2981,4785.0,1.6051660516605166
213,2013,11,EV,1084,1219.0,1.1245387453874538
214,2013,11,F9,595,186.0,0.3126050420168067
215,2013,11,FL,514,83.0,0.1614785992217899
216,2013,11,MQ,1105,2010.0,1.8190045248868778
217,2013,11,NK,0,0.0,0.0
218,2013,11,OO,1137,1410.0,1.2401055408970976
219,2013,11,UA,2813,5472.0,1.9452541770351937
220,2013,11,US,2414,890.0,0.36868268434134216
221,2013,11,VX,470,1584.0,3.370212765957447
222,2013,11,WN,3843,4657.0,1.2118136872235232
223,2013,11,YV,250,520.0,2.08
224,2013,12,9E,780,3347.0,4.291025641025641
225,2013,12,AA,2779,12504.0,4.499460237495502
226,2013,12,AS,510,1296.0,2.541176470588235
227,2013,12,B6,1372,3382.0,2.4650145772594754
228,2013,12,DL,5075,16276.0,3.207093596059113
229,2013,12,EV,1880,4269.0,2.2707446808510636
230,2013,12,F9,1184,662.0,0.5591216216216216
231,2013,12,FL,936,319.0,0.3408119658119658
232,2013,12,MQ,2174,16916.0,7.781048758049678
233,2013,12,NK,0,0.0,0.0
234,2013,12,OO,1807,2887.0,1.5976757055893747
235,2013,12,UA,4313,10682.0,2.4766983538140503
236,2013,12,US,3579,3005.0,0.8396200055881531
237,2013,12,VX,423,4710.0,11.134751773049645
238,2013,12,WN,8317,4763.0,0.5726824576169292
239,2013,12,YV,426,1484.0,3.483568075117371
240,2014,01,9E,0,0.0,0.0
241,2014,01,AA,2671,26625.0,9.968176712841633
242,2014,01,AS,471,1631.0,3.462845010615711
243,2014,01,B6,964,13078.0,13.566390041493776
244,2014,01,DL,5966,74559.0,12.497318136104592
245,2014,01,EV,1691,6959.0,4.11531638083974
246,2014,01,F9,982,1052.0,1.0712830957230142
247,2014,01,FL,775,770.0,0.9935483870967742
248,2014,01,MQ,2121,17164.0,8.092409240924093
249,2014,01,NK,0,0.0,0.0
250,2014,01,OO,1561,2227.0,1.4266495836002562
251,2014,01,UA,3979,19784.0,4.972103543603921
252,2014,01,US,3335,8213.0,2.4626686656671666
253,2014,01,VX,483,3292.0,6.815734989648033
254,2014,01,WN,6246,6071.0,0.9719820685238553
255,2014,01,YV,0,0.0,0.0
256,2014,02,9E,0,0.0,0.0
257,2014,02,AA,2181,10628.0,4.872994039431453
258,2014,02,AS,583,970.0,1.6638078902229845
259,2014,02,B6,981,4226.0,4.307849133537207
260,2014,02,DL,3947,28945.0,7.333417785659995
261,2014,02,EV,1713,2212.0,1.2913018096906013
262,2014,02,F9,872,525.0,0.6020642201834863
263,2014,02,FL,466,845.0,1.8133047210300428
264,2014,02,MQ,1601,5608.0,3.5028107432854467
265,2014,02,NK,0,0.0,0.0
266,2014,02,OO,1664,2242.0,1.3473557692307692
267,2014,02,UA,4424,10015.0,2.26378842676311
268,2014,02,US,3090,9100.0,2.9449838187702264
269,2014,02,VX,703,2780.0,3.9544807965860596
270,2014,02,WN,4744,7628.0,1.6079258010118045
271,2014,02,YV,0,0.0,0.0
272,2014,03,9E,0,0.0,0.0
273,2014,03,AA,1943,2801.0,1.4415851775604736
274,2014,03,AS,495,512.0,1.0343434343434343
275,2014,03,B6,775,683.0,0.8812903225806452
276,2014,03,DL,3850,4188.0,1.0877922077922078
277,2014,03,EV,1508,1760.0,1.16710875331565
278,2014,03,F9,685,180.0,0.26277372262773724
279,2014,03,FL,559,202.0,0.3613595706618962
280,2014,03,MQ,1516,2747.0,1.812005277044855
281,2014,03,NK,0,0.0,0.0
282,2014,03,OO,1578,1921.0,1.217363751584284
283,2014,03,UA,3470,3186.0,0.9181556195965418
284,2014,03,US,2963,2966.0,1.0010124873439081
285,2014,03,VX,395,1133.0,2.868354430379747
286,2014,03,WN,5675,3259.0,0.574273127753304
287,2014,03,YV,0,0.0,0.0
288,2014,04,9E,0,0.0,0.0
289,2014,04,AA,1794,1897.0,1.0574136008918618
290,2014,04,AS,428,74.0,0.17289719626168223
291,2014,04,B6,722,1279.0,1.7714681440443214
292,2014,04,DL,3766,9100.0,2.41635687732342
293,2014,04,EV,1266,1680.0,1.3270142180094786
294,2014,04,F9,573,540.0,0.9424083769633508
295,2014,04,FL,393,287.0,0.7302798982188295
296,2014,04,MQ,1136,2957.0,2.602992957746479
297,2014,04,NK,0,0.0,0.0
298,2014,04,OO,1367,1021.0,0.7468910021945867
299,2014,04,UA,2902,3525.0,1.2146795313576844
300,2014,04,US,2680,1458.0,0.5440298507462686
301,2014,04,VX,438,1516.0,3.461187214611872
302,2014,04,WN,5391,4467.0,0.8286032276015581
303,2014,04,YV,0,0.0,0.0
304,2014,05,9E,0,0.0,0.0
305,2014,05,AA,2565,6105.0,2.3801169590643276
306,2014,05,AS,519,381.0,0.7341040462427746
307,2014,05,B6,843,2101.0,2.4922894424673783
308,2014,05,DL,4131,8346.0,2.0203340595497457
309,2014,05,EV,1490,3007.0,2.0181208053691275
310,2014,05,F9,834,1110.0,1.330935251798561
311,2014,05,FL,413,649.0,1.5714285714285714
312,2014,05,MQ,1471,7665.0,5.210740992522094
313,2014,05,NK,0,0.0,0.0
314,2014,05,OO,1548,1605.0,1.0368217054263567
315,2014,05,UA,4272,11096.0,2.597378277153558
316,2014,05,US,3256,6645.0,2.0408476658476657
317,2014,05,VX,638,3695.0,5.79153605015674
318,2014,05,WN,5996,9323.0,1.554869913275517
319,2014,05,YV,0,0.0,0.0
320,2014,06,9E,0,0.0,0.0
321,2014,06,AA,3257,14738.0,4.52502302732576
322,2014,06,AS,776,701.0,0.9033505154639175
323,2014,06,B6,966,2384.0,2.4679089026915113
324,2014,06,DL,5446,16820.0,3.088505325009181
325,2014,06,EV,1672,5316.0,3.1794258373205744
326,2014,06,F9,904,575.0,0.6360619469026548
327,2014,06,FL,376,521.0,1.3856382978723405
328,2014,06,MQ,1356,4916.0,3.6253687315634218
329,2014,06,NK,0,0.0,0.0
330,2014,06,OO,1690,1743.0,1.0313609467455622
331,2014,06,UA,5462,15445.0,2.827718784328085
332,2014,06,US,4187,11742.0,2.8043945545736806
333,2014,06,VX,686,2128.0,3.1020408163265305
334,2014,06,WN,7610,8281.0,1.088173455978975
335,2014,06,YV,0,0.0,0.0
336,2014,07,9E,0,0.0,0.0
337,2014,07,AA,2961,10498.0,3.5454238432961835
338,2014,07,AS,897,1491.0,1.6622073578595318
339,2014,07,B6,1446,5842.0,4.040110650069156
340,2014,07,DL,3910,15537.0,3.9736572890025577
341,2014,07,EV,1398,2368.0,1.693848354792561
342,2014,07,F9,693,960.0,1.3852813852813852
343,2014,07,FL,297,131.0,0.44107744107744107
344,2014,07,MQ,980,1798.0,1.8346938775510204
345,2014,07,NK,0,0.0,0.0
346,2014,07,OO,1680,1388.0,0.8261904761904761
347,2014,07,UA,4593,7510.0,1.6350968865665143
348,2014,07,US,4221,14118.0,3.3447050461975834
349,2014,07,VX,756,2503.0,3.310846560846561
350,2014,07,WN,7370,13000.0,1.7639077340569878
351,2014,07,YV,0,0.0,0.0
352,2014,08,9E,0,0.0,0.0
353,2014,08,AA,3070,8501.0,2.769055374592834
354,2014,08,AS,937,946.0,1.0096051227321239
355,2014,08,B6,1031,2322.0,2.2521823472356934
356,2014,08,DL,4312,19604.0,4.546382189239332
357,2014,08,EV,1279,2413.0,1.8866301798279905
358,2014,08,F9,654,460.0,0.7033639143730887
359,2014,08,FL,244,514.0,2.1065573770491803
360,2014,08,MQ,1040,3061.0,2.9432692307692307
361,2014,08,NK,0,0.0,0.0
362,2014,08,OO,1642,2164.0,1.317904993909866
363,2014,08,UA,4407,11675.0,2.6491944633537554
364,2014,08,US,3273,5308.0,1.6217537427436604
365,2014,08,VX,609,1980.0,3.251231527093596
366,2014,08,WN,5671,7939.0,1.399929465702698
367,2014,08,YV,0,0.0,0.0
368,2014,09,9E,0,0.0,0.0
369,2014,09,AA,1980,1055.0,0.5328282828282829
370,2014,09,AS,655,673.0,1.0274809160305343
371,2014,09,B6,641,545.0,0.8502340093603744
372,2014,09,DL,3702,6711.0,1.812803889789303
373,2014,09,EV,1134,2353.0,2.0749559082892417
374,2014,09,F9,543,341.0,0.6279926335174953
375,2014,09,FL,153,50.0,0.32679738562091504
376,2014,09,MQ,778,1431.0,1.839331619537275
377,2014,09,NK,0,0.0,0.0
378,2014,09,OO,1299,1647.0,1.2678983833718245
379,2014,09,UA,3423,7409.0,2.1644756061933976
380,2014,09,US,2712,4645.0,1.7127581120943953
381,2014,09,VX,557,2167.0,3.89048473967684
382,2014,09,WN,3970,7704.0,1.9405541561712847
383,2014,09,YV,0,0.0,0.0
384,2014,10,9E,0,0.0,0.0
385,2014,10,AA,2655,3052.0,1.1495291902071563
386,2014,10,AS,665,491.0,0.7383458646616541
387,2014,10,B6,876,1575.0,1.797945205479452
388,2014,10,DL,4118,4753.0,1.1542010684798445
389,2014,10,EV,1374,2296.0,1.6710334788937409
390,2014,10,F9,441,19.0,0.04308390022675737
391,2014,10,FL,148,39.0,0.2635135135135135
392,2014,10,MQ,1045,1060.0,1.014354066985646
393,2014,10,NK,0,0.0,0.0
394,2014,10,OO,1645,705.0,0.42857142857142855
395,2014,10,UA,4539,4978.0,1.0967173386208415
396,2014,10,US,3378,3641.0,1.0778567199526348
397,2014,10,VX,590,1651.0,2.798305084745763
398,2014,10,WN,4177,4773.0,1.1426861383768254
399,2014,10,YV,0,0.0,0.0
400,2014,11,9E,0,0.0,0.0
401,2014,11,AA,2149,4059.0,1.8887854816193579
402,2014,11,AS,759,1289.0,1.6982872200263504
403,2014,11,B6,569,1037.0,1.8224956063268893
404,2014,11,DL,3898,7923.0,2.0325808106721395
405,2014,11,EV,776,345.0,0.44458762886597936
406,2014,11,F9,708,190.0,0.268361581920904
407,2014,11,FL,110,0.0,0.0
408,2014,11,MQ,607,2577.0,4.245469522240527
409,2014,11,NK,0,0.0,0.0
410,2014,11,OO,1514,716.0,0.47291941875825627
411,2014,11,UA,3490,8705.0,2.494269340974212
412,2014,11,US,2837,1312.0,0.462460345435319
413,2014,11,VX,634,2552.0,4.025236593059937
414,2014,11,WN,4261,5880.0,1.3799577563952123
415,2014,11,YV,0,0.0,0.0
416,2014,12,9E,0,0.0,0.0
417,2014,12,AA,2860,1583.0,0.5534965034965035
418,2014,12,AS,1065,429.0,0.4028169014084507
419,2014,12,B6,868,543.0,0.6255760368663594
420,2014,12,DL,3279,6254.0,1.9072888075632815
421,2014,12,EV,1017,576.0,0.5663716814159292
422,2014,12,F9,905,257.0,0.2839779005524862
423,2014,12,FL,129,38.0,0.29457364341085274
424,2014,12,MQ,790,1076.0,1.3620253164556961
425,2014,12,NK,0,0.0,0.0
426,2014,12,OO,2136,1120.0,0.5243445692883895
427,2014,12,UA,5038,4767.0,0.9462088130210401
428,2014,12,US,3355,1000.0,0.29806259314456035
429,2014,12,VX,1165,4984.0,4.278111587982832
430,2014,12,WN,7397,10961.0,1.4818169528187104
431,2014,12,YV,0,0.0,0.0
432,2015,01,9E,0,0.0,0.0
433,2015,01,AA,2595,10529.0,4.057418111753372
434,2015,01,AS,762,1532.0,2.010498687664042
435,2015,01,B6,906,2567.0,2.8333333333333335
436,2015,01,DL,3582,16440.0,4.589614740368509
437,2015,01,EV,950,1801.0,1.8957894736842105
438,2015,01,F9,792,391.0,0.4936868686868687
439,2015,01,FL,0,0.0,0.0
440,2015,01,MQ,971,6964.0,7.1719876416065915
441,2015,01,NK,856,117.0,0.1366822429906542
442,2015,01,OO,1603,2542.0,1.585776668746101
443,2015,01,UA,3800,16526.0,4.348947368421053
444,2015,01,US,3195,3684.0,1.1530516431924882
445,2015,01,VX,556,2249.0,4.044964028776978
446,2015,01,WN,4754,5787.0,1.21729070256626
447,2015,01,YV,0,0.0,0.0
448,2015,02,9E,0,0.0,0.0
449,2015,02,AA,2329,14480.0,6.217260626878488
450,2015,02,AS,636,401.0,0.6305031446540881
451,2015,02,B6,1213,5751.0,4.741137675185491
452,2015,02,DL,4971,45751.0,9.203580768457051
453,2015,02,EV,907,2715.0,2.993384785005513
454,2015,02,F9,821,1186.0,1.4445797807551766
455,2015,02,FL,0,0.0,0.0
456,2015,02,MQ,970,5535.0,5.706185567010309
457,2015,02,NK,898,2241.0,2.4955456570155903
458,2015,02,OO,1284,3888.0,3.02803738317757
459,2015,02,UA,3812,17042.0,4.470619097586569
460,2015,02,US,3439,11643.0,3.3855772026751962
461,2015,02,VX,623,2214.0,3.553772070626003
462,2015,02,WN,4123,8370.0,2.030075187969925
463,2015,02,YV,0,0.0,0.0
464,2015,03,9E,0,0.0,0.0
465,2015,03,AA,2716,6799.0,2.5033136966126657
466,2015,03,AS,713,854.0,1.1977559607293127
467,2015,03,B6,1145,1792.0,1.5650655021834061
468,2015,03,DL,4728,23092.0,4.88409475465313
469,2015,03,EV,836,1627.0,1.9461722488038278
470,2015,03,F9,880,640.0,0.7272727272727273
471,2015,03,FL,0,0.0,0.0
472,2015,03,MQ,679,1817.0,2.6759941089837995
473,2015,03,NK,786,1125.0,1.4312977099236641
474,2015,03,OO,1236,1616.0,1.307443365695793
475,2015,03,UA,3739,8709.0,2.329232415084247
476,2015,03,US,3273,6525.0,1.9935838680109992
477,2015,03,VX,731,2529.0,3.4596443228454175
478,2015,03,WN,4597,4753.0,1.033935175114205
479,2015,03,YV,0,0.0,0.0
480,2015,04,9E,0,0.0,0.0
481,2015,04,AA,2443,2325.0,0.9516987310683586
482,2015,04,AS,541,180.0,0.33271719038817005
483,2015,04,B6,917,1303.0,1.420937840785169
484,2015,04,DL,3927,11538.0,2.938120702826585
485,2015,04,EV,570,1010.0,1.7719298245614035
486,2015,04,F9,870,454.0,0.5218390804597701
487,2015,04,FL,0,0.0,0.0
488,2015,04,MQ,499,617.0,1.2364729458917836
489,2015,04,NK,801,1019.0,1.2721598002496879
490,2015,04,OO,1200,1549.0,1.2908333333333333
491,2015,04,UA,3709,7718.0,2.0808843354003774
492,2015,04,US,2950,2148.0,0.7281355932203389
493,2015,04,VX,598,2752.0,4.60200668896321
494,2015,04,WN,4515,5399.0,1.1957918050941307
495,2015,04,YV,0,0.0,0.0
496,2015,05,9E,0,0.0,0.0
497,2015,05,AA,2217,3590.0,1.6193053676138927
498,2015,05,AS,704,255.0,0.3622159090909091
499,2015,05,B6,806,2763.0,3.4280397022332507
500,2015,05,DL,3936,17661.0,4.4870426829268295
501,2015,05,EV,668,1733.0,2.594311377245509
502,2015,05,F9,1047,323.0,0.30850047755491883
503,2015,05,FL,0,0.0,0.0
504,2015,05,MQ,522,2628.0,5.0344827586206895
505,2015,05,NK,1459,1992.0,1.365318711446196
506,2015,05,OO,1309,1667.0,1.2734912146676853
507,2015,05,UA,4866,12365.0,2.541101520756268
508,2015,05,US,2737,2962.0,1.082206795761783
509,2015,05,VX,933,2368.0,2.538049303322615
510,2015,05,WN,5232,13273.0,2.536888379204893
511,2015,05,YV,0,0.0,0.0
512,2015,06,9E,0,0.0,0.0
513,2015,06,AA,2976,7200.0,2.4193548387096775
514,2015,06,AS,636,623.0,0.9795597484276729
515,2015,06,B6,1085,2893.0,2.6663594470046084
516,2015,06,DL,5781,30618.0,5.296315516346652
517,2015,06,EV,711,1538.0,2.1631504922644162
518,2015,06,F9,1225,887.0,0.7240816326530612
519,2015,06,FL,0,0.0,0.0
520,2015,06,MQ,650,1840.0,2.830769230769231
521,2015,06,NK,1726,2275.0,1.3180764774044031
522,2015,06,OO,1506,3069.0,2.037848605577689
523,2015,06,UA,6281,17442.0,2.776946346123229
524,2015,06,US,3863,8760.0,2.2676676158426092
525,2015,06,VX,742,2513.0,3.3867924528301887
526,2015,06,WN,6728,16308.0,2.4239001189060643
527,2015,06,YV,0,0.0,0.0
528,2015,07,9E,0,0.0,0.0
529,2015,07,AA,6605,15817.0,2.3947009841029523
530,2015,07,AS,800,610.0,0.7625
531,2015,07,B6,1185,1715.0,1.4472573839662448
532,2015,07,DL,5221,14493.0,2.775904999042329
533,2015,07,EV,514,698.0,1.3579766536964981
534,2015,07,F9,1164,452.0,0.38831615120274915
535,2015,07,FL,0,0.0,0.0
536,2015,07,MQ,638,1991.0,3.1206896551724137
537,2015,07,NK,1164,963.0,0.8273195876288659
538,2015,07,OO,1758,2378.0,1.3526734926052333
539,2015,07,UA,5214,8188.0,1.5703874184886844
540,2015,07,US,0,0.0,0.0
541,2015,07,VX,981,1901.0,1.9378185524974516
542,2015,07,WN,7011,11163.0,1.5922122379118528
543,2015,07,YV,0,0.0,0.0
544,2015,08,9E,0,0.0,0.0
545,2015,08,AA,5956,18887.0,3.1710879785090667
546,2015,08,AS,1070,2466.0,2.304672897196262
547,2015,08,B6,1128,3206.0,2.8421985815602837
548,2015,08,DL,4689,15409.0,3.286201748773726
549,2015,08,EV,411,727.0,1.7688564476885644
550,2015,08,F9,865,407.0,0.4705202312138728
551,2015,08,FL,0,0.0,0.0
552,2015,08,MQ,507,1465.0,2.8895463510848125
553,2015,08,NK,1335,656.0,0.49138576779026216
554,2015,08,OO,1511,2391.0,1.5823957643944409
555,2015,08,UA,4109,9764.0,2.3762472621075688
556,2015,08,US,0,0.0,0.0
557,2015,08,VX,892,1020.0,1.1434977578475336
558,2015,08,WN,4937,9184.0,1.860239011545473
559,2015,08,YV,0,0.0,0.0
560,2015,09,9E,0,0.0,0.0
561,2015,09,AA,4345,11769.0,2.708630609896433
562,2015,09,AS,598,493.0,0.8244147157190636
563,2015,09,B6,833,1207.0,1.4489795918367347
564,2015,09,DL,2907,7934.0,2.7292741658066735
565,2015,09,EV,297,356.0,1.1986531986531987
566,2015,09,F9,513,137.0,0.26705653021442494
567,2015,09,FL,0,0.0,0.0
568,2015,09,MQ,325,1283.0,3.9476923076923076
569,2015,09,NK,910,616.0,0.676923076923077
570,2015,09,OO,1001,1824.0,1.8221778221778222
571,2015,09,UA,2594,3722.0,1.4348496530454895
572,2015,09,US,0,0.0,0.0
573,2015,09,VX,553,1261.0,2.2802893309222423
574,2015,09,WN,2623,3114.0,1.1871902401829966
575,2015,09,YV,0,0.0,0.0
576,2015,10,9E,0,0.0,0.0
577,2015,10,AA,4063,3371.0,0.8296825006153089
578,2015,10,AS,626,652.0,1.0415335463258786
579,2015,10,B6,827,1411.0,1.706166868198307
580,2015,10,DL,2587,3156.0,1.2199458832624661
581,2015,10,EV,285,248.0,0.8701754385964913
582,2015,10,F9,553,94.0,0.16998191681735986
583,2015,10,FL,0,0.0,0.0
584,2015,10,MQ,281,154.0,0.5480427046263345
585,2015,10,NK,921,64.0,0.06948968512486428
586,2015,10,OO,1012,393.0,0.3883399209486166
587,2015,10,UA,2571,1890.0,0.73512252042007
588,2015,10,US,0,0.0,0.0
589,2015,10,VX,678,828.0,1.2212389380530972
590,2015,10,WN,3214,7569.0,2.3550093341630367
591,2015,10,YV,0,0.0,0.0
592,2015,11,9E,0,0.0,0.0
593,2015,11,AA,4095,12095.0,2.9536019536019538
594,2015,11,AS,699,840.0,1.201716738197425
595,2015,11,B6,733,659.0,0.8990450204638472
596,2015,11,DL,3308,7454.0,2.253325272067715
597,2015,11,EV,317,284.0,0.8958990536277602
598,2015,11,F9,1039,686.0,0.6602502406159769
599,2015,11,FL,0,0.0,0.0
600,2015,11,MQ,294,1827.0,6.214285714285714
601,2015,11,NK,996,2018.0,2.0261044176706826
602,2015,11,OO,1020,2837.0,2.7813725490196077
603,2015,11,UA,2786,12628.0,4.532663316582915
604,2015,11,US,0,0.0,0.0
605,2015,11,VX,632,1523.0,2.4098101265822787
606,2015,11,WN,4213,4993.0,1.1851412295276524
607,2015,11,YV,0,0.0,0.0
608,2015,12,9E,0,0.0,0.0
609,2015,12,AA,5774,14176.0,2.455143747835123
610,2015,12,AS,883,2106.0,2.385050962627407
611,2015,12,B6,1286,3283.0,2.552877138413686
612,2015,12,DL,4797,32644.0,6.8050865124035855
613,2015,12,EV,416,546.0,1.3125
614,2015,12,F9,976,2600.0,2.6639344262295084
615,2015,12,FL,0,0.0,0.0
616,2015,12,MQ,357,2701.0,7.565826330532213
617,2015,12,NK,1124,2127.0,1.8923487544483986
618,2015,12,OO,1666,3221.0,1.9333733493397358
619,2015,12,UA,3921,19348.0,4.934455496046927
620,2015,12,US,0,0.0,0.0
621,2015,12,VX,1203,2128.0,1.7689110556940981
622,2015,12,WN,6064,16909.0,2.788423482849604
623,2015,12,YV,0,0.0,0.0
624,2016,01,9E,0,0.0,0.0
625,2016,01,AA,4929,14437.0,2.9289916818827346
626,2016,01,AS,672,1296.0,1.9285714285714286
627,2016,01,B6,950,3579.0,3.7673684210526317
628,2016,01,DL,3738,24123.0,6.453451043338684
629,2016,01,EV,386,689.0,1.7849740932642486
630,2016,01,F9,468,359.0,0.7670940170940171
631,2016,01,FL,0,0.0,0.0
632,2016,01,MQ,0,0.0,0.0
633,2016,01,NK,1002,1539.0,1.535928143712575
634,2016,01,OO,1263,3362.0,2.6619160728424385
635,2016,01,UA,2424,6770.0,2.792904290429043
636,2016,01,US,0,0.0,0.0
637,2016,01,VX,945,1401.0,1.4825396825396826
638,2016,01,WN,3583,8876.0,2.47725369801842
639,2016,01,YV,0,0.0,0.0
640,2016,02,9E,0,0.0,0.0
641,2016,02,AA,4686,16234.0,3.4643619291506615
642,2016,02,AS,500,1706.0,3.412
643,2016,02,B6,1108,7579.0,6.840252707581228
644,2016,02,DL,3462,23566.0,6.807047949162334
645,2016,02,EV,349,39.0,0.11174785100286533
646,2016,02,F9,308,643.0,2.0876623376623376
647,2016,02,FL,0,0.0,0.0
648,2016,02,MQ,0,0.0,0.0
649,2016,02,NK,1115,377.0,0.3381165919282511
650,2016,02,OO,997,1634.0,1.6389167502507522
651,2016,02,UA,1967,8465.0,4.3035078800203355
652,2016,02,US,0,0.0,0.0
653,2016,02,VX,550,2657.0,4.830909090909091
654,2016,02,WN,2421,7083.0,2.925650557620818
655,2016,02,YV,0,0.0,0.0
656,2016,03,9E,0,0.0,0.0
657,2016,03,AA,5137,4541.0,0.8839789760560639
658,2016,03,AS,773,173.0,0.2238033635187581
659,2016,03,B6,903,365.0,0.40420819490586934
660,2016,03,DL,3749,9048.0,2.413443584955988
661,2016,03,EV,283,565.0,1.9964664310954063
662,2016,03,F9,660,1493.0,2.262121212121212
663,2016,03,FL,0,0.0,0.0
664,2016,03,MQ,0,0.0,0.0
665,2016,03,NK,1175,66.0,0.05617021276595745
666,2016,03,OO,1442,1940.0,1.345353675450763
667,2016,03,UA,3669,10447.0,2.8473698555464706
668,2016,03,US,0,0.0,0.0
669,2016,03,VX,1063,1684.0,1.5841956726246473
670,2016,03,WN,4865,9551.0,1.963206577595067
671,2016,03,YV,0,0.0,0.0
672,2016,04,9E,0,0.0,0.0
673,2016,04,AA,4537,9178.0,2.022922636103152
674,2016,04,AS,703,129.0,0.18349928876244664
675,2016,04,B6,800,853.0,1.06625
676,2016,04,DL,3037,7668.0,2.5248600592690154
677,2016,04,EV,179,168.0,0.9385474860335196
678,2016,04,F9,473,199.0,0.42071881606765327
679,2016,04,FL,0,0.0,0.0
680,2016,04,MQ,0,0.0,0.0
681,2016,04,NK,1020,1145.0,1.1225490196078431
682,2016,04,OO,944,2539.0,2.6896186440677967
683,2016,04,UA,2628,7822.0,2.976407914764079
684,2016,04,US,0,0.0,0.0
685,2016,04,VX,974,2234.0,2.293634496919918
686,2016,04,WN,5103,9292.0,1.8208896727415247
687,2016,04,YV,0,0.0,0.0
688,2016,05,9E,0,0.0,0.0
689,2016,05,AA,5701,20349.0,3.5693737940712156
690,2016,05,AS,681,553.0,0.8120411160058737
691,2016,05,B6,734,597.0,0.8133514986376021
692,2016,05,DL,3710,9756.0,2.6296495956873316
693,2016,05,EV,222,322.0,1.4504504504504505
694,2016,05,F9,725,1626.0,2.242758620689655
695,2016,05,FL,0,0.0,0.0
696,2016,05,MQ,0,0.0,0.0
697,2016,05,NK,1002,1272.0,1.2694610778443114
698,2016,05,OO,1128,3527.0,3.12677304964539
699,2016,05,UA,3363,13872.0,4.124888492417484
700,2016,05,US,0,0.0,0.0
701,2016,05,VX,1049,2115.0,2.0162059103908483
702,2016,05,WN,5295,13628.0,2.573748819641171
703,2016,05,YV,0,0.0,0.0
704,2016,06,9E,0,0.0,0.0
705,2016,06,AA,8380,17410.0,2.0775656324582337
706,2016,06,AS,921,312.0,0.33876221498371334
707,2016,06,B6,1154,2158.0,1.8700173310225303
708,2016,06,DL,5402,20453.0,3.78619029988893
709,2016,06,EV,353,1036.0,2.9348441926345608
710,2016,06,F9,938,560.0,0.5970149253731343
711,2016,06,FL,0,0.0,0.0
712,2016,06,MQ,0,0.0,0.0
713,2016,06,NK,1079,1492.0,1.3827618164967563
714,2016,06,OO,1222,3629.0,2.969721767594108
715,2016,06,UA,3837,15053.0,3.9231170185040396
716,2016,06,US,0,0.0,0.0
717,2016,06,VX,1162,2834.0,2.4388984509466436
718,2016,06,WN,6887,14274.0,2.0726005517641934
719,2016,06,YV,0,0.0,0.0
720,2016,07,9E,0,0.0,0.0
721,2016,07,AA,9191,37172.0,4.044391252312044
722,2016,07,AS,752,455.0,0.6050531914893617
723,2016,07,B6,1748,6724.0,3.8466819221967965
724,2016,07,DL,6243,41501.0,6.647605317956111
725,2016,07,EV,303,1100.0,3.6303630363036303
726,2016,07,F9,1553,980.0,0.6310367031551836
727,2016,07,FL,0,0.0,0.0
728,2016,07,MQ,0,0.0,0.0
729,2016,07,NK,1171,877.0,0.748932536293766
730,2016,07,OO,1294,6022.0,4.653786707882535
731,2016,07,UA,4473,19240.0,4.301363737983456
732,2016,07,US,0,0.0,0.0
733,2016,07,VX,1145,2860.0,2.497816593886463
734,2016,07,WN,7553,18149.0,2.40288627035615
735,2016,07,YV,0,0.0,0.0
736,2016,08,9E,0,0.0,0.0
737,2016,08,AA,8461,25564.0,3.0213922704172083
738,2016,08,AS,860,944.0,1.0976744186046512
739,2016,08,B6,1370,3129.0,2.283941605839416
740,2016,08,DL,6499,16283.0,2.505462378827512
741,2016,08,EV,343,112.0,0.32653061224489793
742,2016,08,F9,1411,1087.0,0.7703756201275691
743,2016,08,FL,0,0.0,0.0
744,2016,08,MQ,0,0.0,0.0
745,2016,08,NK,1170,950.0,0.811965811965812
746,2016,08,OO,1401,2542.0,1.814418272662384
747,2016,08,UA,4953,9130.0,1.8433272763981425
748,2016,08,US,0,0.0,0.0
749,2016,08,VX,1213,2133.0,1.7584501236603463
750,2016,08,WN,5973,14786.0,2.475472961660807
751,2016,08,YV,0,0.0,0.0
752,2016,09,9E,0,0.0,0.0
753,2016,09,AA,4757,11802.0,2.4809754046668067
754,2016,09,AS,583,154.0,0.2641509433962264
755,2016,09,B6,969,1777.0,1.8338493292053664
756,2016,09,DL,3156,6518.0,2.065272496831432
757,2016,09,EV,217,625.0,2.880184331797235
758,2016,09,F9,1163,444.0,0.3817712811693895
759,2016,09,FL,0,0.0,0.0
760,2016,09,MQ,0,0.0,0.0
761,2016,09,NK,569,125.0,0.21968365553602812
762,2016,09,OO,736,1844.0,2.505434782608696
763,2016,09,UA,3196,6749.0,2.1117021276595747
764,2016,09,US,0,0.0,0.0
765,2016,09,VX,765,1782.0,2.3294117647058825
766,2016,09,WN,4154,6822.0,1.6422725084256138
767,2016,09,YV,0,0.0,0.0
768,2016,10,9E,0,0.0,0.0
769,2016,10,AA,4718,3666.0,0.7770241627808393
770,2016,10,AS,789,546.0,0.6920152091254753
771,2016,10,B6,1080,967.0,0.8953703703703704
772,2016,10,DL,2679,1318.0,0.49197461739455023
773,2016,10,EV,223,407.0,1.8251121076233183
774,2016,10,F9,917,64.0,0.0697928026172301
775,2016,10,FL,0,0.0,0.0
776,2016,10,MQ,0,0.0,0.0
777,2016,10,NK,597,430.0,0.7202680067001676
778,2016,10,OO,995,2600.0,2.613065326633166
779,2016,10,UA,3937,1196.0,0.30378460756921516
780,2016,10,US,0,0.0,0.0
781,2016,10,VX,1026,1734.0,1.6900584795321638
782,2016,10,WN,4866,5847.0,1.2016029593094943
783,2016,10,YV,0,0.0,0.0
784,2016,11,9E,0,0.0,0.0
785,2016,11,AA,3968,1768.0,0.44556451612903225
786,2016,11,AS,696,8.0,0.011494252873563218
787,2016,11,B6,796,156.0,0.19597989949748743
788,2016,11,DL,2812,3110.0,1.1059743954480796
789,2016,11,EV,239,996.0,4.167364016736402
790,2016,11,F9,448,61.0,0.13616071428571427
791,2016,11,FL,0,0.0,0.0
792,2016,11,MQ,0,0.0,0.0
793,2016,11,NK,541,1124.0,2.077634011090573
794,2016,11,OO,938,3582.0,3.818763326226013
795,2016,11,UA,2829,5381.0,1.9020855425945564
796,2016,11,US,0,0.0,0.0
797,2016,11,VX,816,2230.0,2.732843137254902
798,2016,11,WN,4147,5637.0,1.3592958765372558
799,2016,11,YV,0,0.0,0.0
800,2016,12,9E,0,0.0,0.0
801,2016,12,AA,6175,17946.0,2.906234817813765
802,2016,12,AS,1359,2861.0,2.105224429727741
803,2016,12,B6,1325,2292.0,1.729811320754717
804,2016,12,DL,5538,31350.0,5.66088840736728
805,2016,12,EV,369,41.0,0.1111111111111111
806,2016,12,F9,1145,2293.0,2.0026200873362447
807,2016,12,FL,0,0.0,0.0
808,2016,12,MQ,0,0.0,0.0
809,2016,12,NK,1139,1653.0,1.4512730465320456
810,2016,12,OO,1636,8290.0,5.067237163814181
811,2016,12,UA,4344,21240.0,4.889502762430939
812,2016,12,US,0,0.0,0.0
813,2016,12,VX,1276,4292.0,3.3636363636363638
814,2016,12,WN,6675,10427.0,1.5620973782771534
815,2016,12,YV,0,0.0,0.0
816,2017,01,9E,0,0.0,0.0
817,2017,01,AA,5320,7601.0,1.4287593984962406
818,2017,01,AS,1301,3849.0,2.9584934665641813
819,2017,01,B6,1218,2399.0,1.9696223316912973
820,2017,01,DL,5018,45627.0,9.092666400956556
821,2017,01,EV,357,38.0,0.10644257703081232
822,2017,01,F9,950,626.0,0.6589473684210526
823,2017,01,FL,0,0.0,0.0
824,2017,01,MQ,0,0.0,0.0
825,2017,01,NK,1120,1402.0,1.2517857142857143
826,2017,01,OO,1941,5837.0,3.007212776919114
827,2017,01,UA,3784,9722.0,2.5692389006342493
828,2017,01,US,0,0.0,0.0
829,2017,01,VX,1374,3973.0,2.89155749636099
830,2017,01,WN,6618,14688.0,2.2194016319129646
831,2017,01,YV,0,0.0,0.0
832,2017,02,9E,0,0.0,0.0
833,2017,02,AA,3659,6455.0,1.76414320852692
834,2017,02,AS,1132,1922.0,1.697879858657244
835,2017,02,B6,1111,2627.0,2.3645364536453646
836,2017,02,DL,2818,17010.0,6.0361958836053935
837,2017,02,EV,162,0.0,0.0
838,2017,02,F9,452,515.0,1.1393805309734513
839,2017,02,FL,0,0.0,0.0
840,2017,02,MQ,0,0.0,0.0
841,2017,02,NK,666,856.0,1.2852852852852852
842,2017,02,OO,1618,7580.0,4.684796044499382
843,2017,02,UA,2889,4331.0,1.499134648667359
844,2017,02,US,0,0.0,0.0
845,2017,02,VX,1174,4558.0,3.8824531516183987
846,2017,02,WN,4251,8746.0,2.0573982592331217
847,2017,02,YV,0,0.0,0.0
848,2017,03,9E,0,0.0,0.0
849,2017,03,AA,5704,7187.0,1.259992987377279
850,2017,03,AS,1270,319.0,0.2511811023622047
851,2017,03,B6,1266,1807.0,1.4273301737756714
852,2017,03,DL,4307,20020.0,4.6482470397028095
853,2017,03,EV,449,247.0,0.5501113585746102
854,2017,03,F9,626,611.0,0.9760383386581469
855,2017,03,FL,0,0.0,0.0
856,2017,03,MQ,0,0.0,0.0
857,2017,03,NK,957,1963.0,2.051201671891327
858,2017,03,OO,2091,7126.0,3.4079387852702054
859,2017,03,UA,3310,5355.0,1.6178247734138973
860,2017,03,US,0,0.0,0.0
861,2017,03,VX,1316,3191.0,2.424772036474164
862,2017,03,WN,5880,12702.0,2.160204081632653
863,2017,03,YV,0,0.0,0.0
864,2017,04,9E,0,0.0,0.0
865,2017,04,AA,5720,6869.0,1.2008741258741258
866,2017,04,AS,1284,645.0,0.5023364485981309
867,2017,04,B6,1284,1212.0,0.9439252336448598
868,2017,04,DL,6120,90181.0,14.735457516339869
869,2017,04,EV,319,1137.0,3.5642633228840124
870,2017,04,F9,557,508.0,0.9120287253141831
871,2017,04,FL,0,0.0,0.0
872,2017,04,MQ,0,0.0,0.0
873,2017,04,NK,819,1124.0,1.3724053724053724
874,2017,04,OO,1951,9442.0,4.8395694515633005
875,2017,04,UA,3349,2255.0,0.6733353239773067
876,2017,04,US,0,0.0,0.0
877,2017,04,VX,1408,2654.0,1.8849431818181819
878,2017,04,WN,5927,10884.0,1.8363421629829593
879,2017,04,YV,0,0.0,0.0
880,2017,05,9E,0,0.0,0.0
881,2017,05,AA,6334,6754.0,1.0663088095989897
882,2017,05,AS,1315,1617.0,1.2296577946768061
883,2017,05,B6,1749,1681.0,0.9611206403659234
884,2017,05,DL,6090,7030.0,1.154351395730706
885,2017,05,EV,291,706.0,2.4261168384879723
886,2017,05,F9,801,707.0,0.8826466916354557
887,2017,05,FL,0,0.0,0.0
888,2017,05,MQ,0,0.0,0.0
889,2017,05,NK,1168,1257.0,1.0761986301369864
890,2017,05,OO,1966,8076.0,4.107833163784334
891,2017,05,UA,3580,6634.0,1.853072625698324
892,2017,05,US,0,0.0,0.0
893,2017,05,VX,1788,734.0,0.4105145413870246
894,2017,05,WN,7060,13668.0,1.9359773371104816
895,2017,05,YV,0,0.0,0.0
896,2017,06,9E,0,0.0,0.0
897,2017,06,AA,7047,18735.0,2.6585781183482333
898,2017,06,AS,1072,428.0,0.39925373134328357
899,2017,06,B6,2212,5351.0,2.419077757685353
900,2017,06,DL,5560,16775.0,3.0170863309352516
901,2017,06,EV,384,110.0,0.2864583333333333
902,2017,06,F9,921,176.0,0.19109663409337677
903,2017,06,FL,0,0.0,0.0
904,2017,06,MQ,0,0.0,0.0
905,2017,06,NK,1139,1403.0,1.231782265144864
906,2017,06,OO,1574,6403.0,4.067979669631512
907,2017,06,UA,4113,12989.0,3.1580354972039872
908,2017,06,US,0,0.0,0.0
909,2017,06,VX,1415,1208.0,0.8537102473498234
910,2017,06,WN,7233,14101.0,1.9495368450158994
911,2017,06,YV,0,0.0,0.0
912,2017,07,9E,0,0.0,0.0
913,2017,07,AA,7827,32416.0,4.141561262297176
914,2017,07,AS,954,1558.0,1.6331236897274632
915,2017,07,B6,1854,2149.0,1.1591154261057173
916,2017,07,DL,5546,18766.0,3.3836999639379735
917,2017,07,EV,338,1277.0,3.7781065088757395
918,2017,07,F9,870,414.0,0.47586206896551725
919,2017,07,FL,0,0.0,0.0
920,2017,07,MQ,0,0.0,0.0
921,2017,07,NK,1079,655.0,0.6070435588507878
922,2017,07,OO,1698,4715.0,2.7767962308598353
923,2017,07,UA,4134,20479.0,4.953797774552491
924,2017,07,US,0,0.0,0.0
925,2017,07,VX,1120,1333.0,1.1901785714285715
926,2017,07,WN,6925,14215.0,2.0527075812274367
927,2017,07,YV,0,0.0,0.0
928,2017,08,9E,0,0.0,0.0
929,2017,08,AA,6345,15411.0,2.428841607565012
930,2017,08,AS,1218,573.0,0.47044334975369456
931,2017,08,B6,1671,4708.0,2.817474566128067
932,2017,08,DL,4584,10013.0,2.1843368237347294
933,2017,08,EV,393,212.0,0.539440203562341
934,2017,08,F9,710,412.0,0.5802816901408451
935,2017,08,FL,0,0.0,0.0
936,2017,08,MQ,0,0.0,0.0
937,2017,08,NK,906,1343.0,1.4823399558498895
938,2017,08,OO,1939,9786.0,5.046931407942238
939,2017,08,UA,4354,20298.0,4.6619200734956365
940,2017,08,US,0,0.0,0.0
941,2017,08,VX,1552,1081.0,0.696520618556701
942,2017,08,WN,8082,15837.0,1.959539717891611
943,2017,08,YV,0,0.0,0.0
944,2017,09,9E,0,0.0,0.0
945,2017,09,AA,3841,10691.0,2.783389742254621
946,2017,09,AS,803,674.0,0.8393524283935243
947,2017,09,B6,1133,1570.0,1.3857016769638129
948,2017,09,DL,2843,12832.0,4.513542033063665
949,2017,09,EV,307,92.0,0.2996742671009772
950,2017,09,F9,350,100.0,0.2857142857142857
951,2017,09,FL,0,0.0,0.0
952,2017,09,MQ,0,0.0,0.0
953,2017,09,NK,628,1355.0,2.1576433121019107
954,2017,09,OO,1265,2825.0,2.233201581027668
955,2017,09,UA,2305,2633.0,1.142299349240781
956,2017,09,US,0,0.0,0.0
957,2017,09,VX,954,936.0,0.9811320754716981
958,2017,09,WN,4036,6408.0,1.5877106045589693
959,2017,09,YV,0,0.0,0.0
960,2017,10,9E,0,0.0,0.0
961,2017,10,AA,4141,4428.0,1.0693069306930694
962,2017,10,AS,754,509.0,0.6750663129973474
963,2017,10,B6,959,1897.0,1.9781021897810218
964,2017,10,DL,3299,3616.0,1.096089724158836
965,2017,10,EV,288,206.0,0.7152777777777778
966,2017,10,F9,417,158.0,0.37889688249400477
967,2017,10,FL,0,0.0,0.0
968,2017,10,MQ,0,0.0,0.0
969,2017,10,NK,493,1502.0,3.046653144016227
970,2017,10,OO,1548,4749.0,3.067829457364341
971,2017,10,UA,2685,6568.0,2.4461824953445066
972,2017,10,US,0,0.0,0.0
973,2017,10,VX,981,942.0,0.9602446483180428
974,2017,10,WN,3729,1058.0,0.28372217752748724
975,2017,10,YV,0,0.0,0.0
